,Original,Bagging,Pasting,Random Forest,Gradient Boosting,Adaptative Boosting
5774,High,High,High,Low,High,Low
4221,Low,High,High,High,High,High
4697,Average,High,High,Low,Average,Average
1616,Average,High,High,Low,Low,Average
1886,Low,Low,Low,Low,Low,Low
5041,Low,Low,Low,Low,Low,Low
743,Average,Average,Average,Average,Average,Average
2117,High,High,High,High,High,High
3532,High,High,Low,High,High,High
3163,Low,Low,Low,Low,Low,Low
5796,High,High,High,High,High,High
1079,High,Average,Average,Average,Average,Average
1543,Low,Low,Low,Low,Low,Low
3935,Low,Low,Low,Low,Low,Low
6594,High,High,High,High,High,High
1726,Low,Low,Low,Low,Low,Low
1905,Average,High,Low,High,Average,Average
2578,Low,Low,Low,Low,Low,Low
1632,Low,Low,Low,Low,Low,Low
2183,Average,High,High,Low,High,High
3075,Low,Low,Low,Low,Low,Low
1375,Low,Average,Average,Average,Low,Low
5354,Average,Average,Average,Average,Average,Average
5389,Low,Low,Low,Low,Low,Low
2985,Average,Average,Average,Average,Average,Average
6473,High,High,High,High,High,High
4993,Average,Average,Average,Average,Average,Average
3386,Low,Low,Low,Low,Low,Low
132,Low,Low,Low,Low,Low,Low
217,High,High,High,High,High,Low
6506,Low,Low,Low,Low,Low,Low
1775,Low,Low,Low,Low,Low,Low
1354,Low,Low,Low,Low,Low,Low
3909,Average,Low,Low,Low,Average,Average
1452,Low,Average,Average,Average,Average,Average
4801,High,High,High,High,High,High
230,High,High,High,High,High,High
2249,High,High,High,High,Average,Average
6174,Low,Low,Low,Low,Low,Low
2628,Low,Low,Low,Low,Low,Low
491,High,Average,Average,High,High,High
3821,Low,High,High,Average,Average,Average
6033,Average,Average,Average,Average,Average,Average
706,Low,Average,Average,Average,Average,Average
6533,Average,Low,Low,Low,Average,Average
3611,High,High,High,High,High,High
4487,Average,Low,High,Low,Average,Average
3460,Low,Low,Low,Low,Low,Low
334,Low,Low,Low,Low,Low,Low
4783,Low,Average,Average,Average,Average,Average
4537,Low,Low,Low,Low,Low,Low
3628,Average,Average,Average,Average,Average,Average
6715,Low,Low,Low,Low,Low,Low
1330,Low,High,Low,High,Average,Average
4553,Average,Average,Average,Average,Average,Average
2842,Low,Low,Low,Low,Low,Low
3221,Low,Low,Low,Low,Low,Low
473,Low,Low,Low,Low,Low,Low
5435,High,Average,Average,Average,Average,Average
5065,Low,Low,Low,Low,Low,Low
5445,High,Low,Low,Low,High,High
1963,Low,Low,Low,High,High,High
3982,Average,Low,Average,Average,Low,Average
4641,High,High,High,High,Average,Average
4860,Low,Low,Low,Low,Low,Low
5069,Low,Low,Low,Low,Low,Low
3213,Low,Low,Low,Low,Low,Low
4240,Low,Average,Average,Average,Average,Average
4522,Average,Average,Average,Average,Average,Average
3203,High,High,Low,High,High,High
5862,Average,Average,Average,Average,Average,Average
5064,Low,Low,Low,Low,Low,Low
1897,Low,Low,Low,Low,Low,Low
1550,Low,Low,Low,Low,Low,Low
1084,Low,Low,Low,Low,Low,Low
2316,Average,High,High,High,Low,Low
4563,Low,Low,Low,Low,Low,Low
4740,Low,Low,Low,Low,Low,Low
4912,Low,Low,Low,Low,Low,Low
1786,Average,High,High,High,High,High
2997,Low,Low,Low,Low,Low,Low
5978,Average,Average,Average,Average,Average,Average
3903,Low,Average,Average,Average,Average,Average
3558,Low,Low,Low,Low,Low,Low
3996,Low,Low,Low,Low,Low,Low
3114,Low,Average,Average,Average,Average,Average
6326,Low,Low,Low,Low,Low,Low
6200,Low,Average,Average,High,High,High
3248,Low,Low,Low,Low,Low,Low
1101,Low,Low,Low,Low,Low,Low
5148,Average,Average,Low,Average,Average,Average
3477,Low,Low,Low,Low,Low,Low
1412,Low,Low,Low,Low,Low,Low
3607,Average,Average,Average,Average,Average,Average
2678,High,High,High,High,High,High
6625,High,High,High,High,High,High
2516,Low,Average,Low,Low,Average,Average
1193,Low,Average,High,Average,Average,Average
1702,Low,Low,Low,Low,Low,Low
2002,Low,Average,Average,Average,Average,Average
2653,Low,Low,Low,Low,Low,Low
2462,Average,Average,Low,Average,Average,Average
2407,Low,Low,Low,Low,Low,Low
5436,High,High,High,High,High,High
1533,Low,Low,Low,Low,Low,Low
2164,Average,Low,Low,Low,Low,High
2669,Low,Low,Low,Low,Low,Low
4055,Average,Average,Average,Average,Average,Average
5331,Average,Average,Average,Average,Average,Average
321,Average,Low,Average,Low,Average,Low
6108,Average,Average,Average,Average,Average,Average
1835,Low,Low,Low,Low,Low,Low
2118,Low,Low,Low,Low,Low,Low
3808,Low,Low,Low,Low,Low,Low
5669,Low,Low,Low,Low,Low,Low
496,Average,Average,Average,Average,Average,Average
5417,Low,Average,Average,High,High,High
4315,Low,Low,Low,Low,Low,Low
6202,Low,Average,Average,Average,Average,Average
5002,Average,Low,Average,Low,Average,Average
1643,Average,Low,Average,Low,Average,Average
1487,Low,Low,Low,Low,Low,Low
2275,Average,Low,Average,Low,Low,Average
2357,Low,Average,High,Average,Average,Average
5572,Average,Average,Average,Average,Average,Average
1922,Average,High,Average,High,Average,Average
233,Low,Average,Average,Average,Average,Average
1263,Low,Low,Low,Low,Low,Low
5540,Low,Low,Low,Low,Low,Low
2350,Low,Average,Average,Average,Average,Average
4674,Average,Average,Average,Average,Average,Average
4906,Average,High,Low,High,High,High
5516,Low,Low,Low,Low,Low,Low
3825,Low,Low,Low,Low,Low,Low
247,Low,Low,Low,Low,Low,Low
681,Low,High,High,High,High,High
4594,Low,Low,Low,Low,Low,Low
3089,Average,Average,Low,Average,Average,Average
1078,Average,Low,Low,Low,Average,Average
4842,Low,Low,Low,Low,Low,Low
4253,High,Average,Average,Average,Average,Average
3218,Low,Low,Low,Low,Low,Low
5086,Low,Low,Low,Low,Low,Low
3410,Low,Average,Average,Average,Average,Average
2124,Low,Average,Average,Average,Average,Average
179,Low,Low,Low,Low,Low,Low
5668,Low,Low,Low,Low,Low,Low
6323,Average,High,High,High,Average,Average
535,Average,Average,Average,Average,Average,Average
468,Low,Average,Average,Average,Average,Average
5466,Low,Low,Low,Low,Low,Low
2254,Average,Low,Average,Low,Average,Average
4347,Average,Average,Average,Average,Average,Average
4595,Low,Low,Low,Low,Low,Low
3103,Average,Low,High,Average,Average,Low
3573,Low,Low,Low,Low,Low,Low
6121,Low,Low,Low,Low,Low,Low
3159,Average,High,High,High,Average,Average
1074,Average,Average,Average,Average,Average,Average
2798,High,Low,Low,Low,Low,Average
5146,Low,Low,Low,Low,Low,Low
5341,Average,Low,Low,Low,Average,Average
61,Low,Low,Low,Low,Low,Low
3154,Low,Low,Low,Low,Low,Low
3035,Low,Low,Low,Low,Low,Low
4230,Average,Average,Average,Average,Average,Average
4180,High,High,High,High,High,High
2934,Low,Low,Low,Low,Low,Low
31,Average,Low,High,Low,Low,High
3707,Average,Average,Average,Average,Average,Average
2619,Low,Low,Low,Low,Low,Low
2441,Low,Low,Low,Low,Low,Low
6682,Low,Low,Low,Low,Low,Low
1729,Average,Average,Low,Average,Average,Average
1864,Low,Low,Low,Low,Low,Low
1056,Low,Low,Low,Low,Low,Low
3102,Low,Average,High,Average,High,High
1047,High,Average,Average,Average,Average,Average
1339,High,High,High,High,High,High
811,Average,Average,Average,Average,Average,Average
17,Low,Low,Low,Low,Low,Low
96,Low,Low,Low,Low,Low,Low
4561,Low,Low,Low,Low,Low,Low
3836,Low,High,High,High,High,High
1934,Low,Low,Low,Low,Average,Average
4479,Low,Low,Low,Low,Low,Low
2053,Low,Low,Low,Low,Low,Low
3703,Low,High,High,High,Average,Average
4634,High,Average,Average,Low,High,Average
3995,Average,Low,Low,Low,Average,Average
3877,High,High,High,High,High,High
2477,Average,Average,Low,Average,Average,Low
5776,Low,Low,Low,Low,Low,Low
1438,High,High,Average,Average,High,High
2499,Low,Low,Low,Low,Low,Low
169,Average,Average,Average,Average,Average,Average
6209,Low,Low,Low,Low,Low,Low
1791,Low,Low,Low,Low,Low,Low
50,Average,Average,Average,Average,Average,Average
1765,Low,Average,Average,High,Average,Average
239,Low,Low,Low,Low,Low,Low
5410,Average,Average,Average,Average,Average,Average
5821,Average,Average,Average,Average,Average,Average
2908,High,Low,Low,Low,Low,High
80,Low,Average,Average,Average,Average,Low
1656,High,High,High,High,High,High
3824,Low,Low,Low,Low,Low,Low
2598,Low,Low,Low,Low,Average,Average
3829,Average,Average,Average,Low,Average,Average
6005,High,High,High,High,High,High
585,Low,Low,Low,Low,Low,Low
511,Low,Low,Low,Low,Low,Low
5927,Average,Average,Average,Average,Average,Average
4888,Low,Low,Low,Low,Low,Low
6236,Low,Low,Low,Low,Low,Low
5671,Average,Average,Average,Average,Average,Average
5932,High,Low,Average,Low,Average,Average
378,Low,Low,Low,Low,Low,Low
263,Low,Low,Low,Low,Low,Low
2586,Low,Low,Low,Low,Low,Low
6663,Low,Low,Low,Low,Low,Low
3682,Low,Low,Low,Low,Low,Low
1370,Average,Low,Low,Low,Average,Low
960,Low,Low,Low,Low,Low,Low
6571,Average,Average,Average,Average,Average,Average
3288,Average,Average,Average,Average,Average,Average
93,Low,Low,Low,Low,Low,Low
5955,High,High,High,High,High,High
5607,High,Average,Average,Average,Average,Average
408,Low,Low,Low,Low,Low,Low
2024,Low,Low,Low,Low,Low,Low
2022,Low,Low,Low,Low,Low,Low
381,High,Low,Low,Low,High,High
6572,Low,Low,Low,Low,Low,Low
5833,Average,Average,Average,Average,Average,Average
2916,Average,Average,Average,Average,Average,Average
1433,Low,Average,Average,Average,Average,Average
37,Low,Low,Low,Low,Low,Low
3688,High,Average,Average,Average,Average,Average
4698,Average,Low,Low,Low,Average,Average
1357,Low,Low,Low,Low,Low,Low
4825,Low,Low,Low,Low,Low,Low
3542,Average,Average,Average,Average,Average,Average
1002,Low,Low,Low,Low,Low,Low
4054,Low,Low,Low,Low,Low,Low
6502,High,High,High,High,High,High
6130,Average,Average,Average,Average,Average,Average
625,High,High,High,High,High,High
4986,Average,Low,Low,Low,Average,Average
5023,Low,Low,Low,Low,Low,Low
1374,Low,Low,Low,Low,Low,Low
2215,Low,Low,Low,Low,Low,Low
2245,Low,Low,Low,Low,Low,Low
4257,Average,Average,Average,Average,Average,Average
812,Low,Average,High,High,Average,Average
736,Low,Low,Low,Low,Low,Low
4217,Low,Low,Low,Low,Low,Low
1921,Low,Low,Low,Low,Low,Low
5157,Low,Low,Low,Low,Low,Low
5786,High,High,High,High,High,High
5720,Low,Low,Low,Low,Low,Low
3227,Average,Low,Low,Low,Average,Average
3837,High,High,High,High,High,High
6641,Low,Low,Low,Low,Low,Low
1199,Low,Low,Low,Low,High,Low
6110,Low,Low,Low,Low,Low,Low
435,Low,Low,Low,Low,Low,Low
4128,Low,Low,Low,Low,Low,Low
6224,Low,Low,Low,Low,Low,Low
393,High,High,High,High,Low,Low
2317,Average,Average,High,Average,Average,High
23,Low,Low,Low,Low,Low,Low
5163,High,High,High,High,High,High
3793,Low,Low,Low,Low,Low,Low
921,Average,Average,Average,Low,Average,Average
2864,Low,Average,Average,Average,Average,Average
1471,Low,Low,Low,Low,Low,Low
1352,Low,Low,Low,Low,Low,Low
4738,Low,Low,Low,Low,Low,Low
3194,High,High,High,High,High,High
4898,Low,Low,Low,Low,Low,Low
4149,Average,Average,Average,Average,Average,Average
5626,High,High,High,High,High,High
1916,Low,High,High,High,Average,Average
3614,High,High,Average,High,High,High
3002,High,High,High,High,High,High
6496,Average,Average,Average,Average,Average,Average
4810,High,High,High,High,High,High
5832,Low,Low,Low,Low,Low,Low
3658,Average,Average,Average,Average,Average,Average
2042,Low,Low,Low,Low,Low,Low
3377,Low,Low,Low,Low,Low,Low
2142,Average,Low,Low,Low,Average,Average
4517,Low,Low,Low,Low,Low,Low
6251,Average,Average,Average,Average,Average,Average
800,Low,Low,Low,Low,Low,Low
6442,High,Average,Low,High,High,High
5008,Low,Low,Low,Low,Low,Low
3722,Low,High,High,High,High,High
1315,Average,Low,Average,Low,Average,Average
5960,Low,Low,Low,Low,Low,Low
3491,Average,High,Low,Low,Average,Average
4270,Low,Low,Low,Low,Low,Low
683,Low,Low,Low,Low,Low,Low
2091,Low,Low,Low,Low,Low,Low
3238,Low,Average,Average,Average,Average,Average
3318,Low,Low,Low,Low,Low,Low
2098,Low,Low,Low,Low,Low,Low
3207,Low,Low,Low,Low,Low,Low
3153,Low,Low,Low,Low,Low,Low
5488,Average,Average,Average,Average,Average,Average
1694,Low,Low,Low,Low,Low,Low
6631,Average,Average,Average,Average,Average,Average
1578,High,High,High,High,High,High
5899,Average,Average,Average,Average,Average,Average
6492,Average,Average,Average,Average,Average,Average
5838,High,Low,Low,Low,High,High
3034,Average,Average,Average,Average,Average,Average
3277,Average,Average,Average,Average,Average,Average
2526,Average,Average,Average,Average,Average,Average
1436,Average,Average,Average,Average,Average,Average
1699,Low,Average,Average,Average,Average,Average
4954,Average,High,High,High,Average,Average
2957,Low,Low,Low,Low,Low,Low
3214,Low,Low,Low,Low,Low,Low
1558,High,Low,Low,Low,Average,Average
5642,Low,Low,Low,Low,Low,Low
5432,Low,Low,Low,Low,Low,Low
1197,Low,Low,Low,Low,Low,Low
472,Low,Low,Low,Low,Low,Low
6619,Average,Low,Average,Low,Average,Low
1328,High,High,High,High,High,High
4768,Low,Low,Low,Low,Low,Low
476,Average,High,High,High,High,High
1554,Low,Low,Low,Low,Low,Low
3032,Low,Low,Low,Low,Low,Low
5223,Low,Low,Low,Low,Low,Low
6526,Average,Low,Low,Low,Average,Average
5962,Low,Low,Low,Low,Low,Low
2412,Low,Average,Average,High,Average,Average
1789,Low,Low,Low,Low,Low,Low
1034,Low,Low,Low,Low,Low,Low
79,High,High,High,High,Average,Average
763,Low,Low,Low,Low,Low,Low
5879,Average,Average,Average,Average,Average,Average
2115,High,High,High,High,High,High
828,Low,Low,Low,Low,Low,Low
5267,Low,Low,Low,Low,Low,Low
1545,Low,Low,Low,Low,Low,Low
4913,Low,Low,Low,Low,Low,Low
3315,Low,Low,Low,Low,Low,Low
4229,Low,Low,Low,Low,Low,Low
6642,Low,Low,Low,Low,Low,Low
2453,Average,Average,Average,Average,Average,Average
4787,Low,Low,Low,Low,Low,Low
2821,Low,Low,Low,Low,Low,Low
2333,Average,Average,Average,Average,Average,Average
1195,Low,Low,Average,Low,Average,Average
3813,Average,Average,Average,Average,Average,Average
4059,Low,Average,Low,Average,Average,Average
5479,High,High,High,High,High,High
996,Low,Low,Low,Low,Low,Low
3534,Low,Low,Low,Low,Low,Low
5130,Low,Low,Low,Low,Low,Low
2149,Average,Average,Average,Average,Average,Average
324,Average,Low,Average,Average,Average,Average
5973,Low,Low,Low,Low,Low,Low
538,Low,High,High,High,High,High
3285,Average,Average,Average,Average,Average,Average
3862,Low,Low,Low,Low,Low,Low
2138,Average,Average,Low,Average,Average,Average
2847,Average,Low,Low,Low,Average,Average
3172,Low,Low,Low,Low,Low,Low
469,Average,Low,Low,Average,Average,Average
1405,Average,Average,Low,Average,Average,Average
4857,Low,Low,Low,Low,Low,Low
4786,Low,Low,Low,Low,Low,Low
5475,Low,Low,Low,Low,Low,Low
3375,Low,Low,Low,Low,Low,Low
1244,Low,Low,Low,Low,Low,Low
503,Average,High,High,High,Average,Average
1919,Low,Low,Low,Low,Low,Low
6369,Low,Low,Low,Low,Average,Average
1891,High,High,High,High,High,High
3773,Low,Low,Low,Low,Low,Low
6419,Low,Low,Low,Low,Low,Low
6716,Low,Low,Low,Low,Low,Low
88,Low,Low,Low,Low,Average,Average
5377,Average,Average,Average,Average,Average,Average
4271,Average,Average,Average,Average,Average,Average
5545,Average,Average,Average,Average,Average,Average
5011,Average,Average,Average,Average,Average,Average
156,Low,Low,Low,Low,Low,Low
2404,High,Average,High,Low,High,High
1553,High,High,High,High,High,High
6538,Average,Average,Average,Average,Average,Average
1918,Low,Low,Low,Low,Low,Low
1728,Low,Low,Low,Low,Low,Low
2666,Low,Low,Low,Low,Low,Low
3132,High,High,High,High,High,High
4829,Low,Low,Low,Low,Low,Low
742,Low,Low,Low,Low,Low,Low
1149,Average,Average,High,Average,Average,Average
198,Low,Low,Low,Low,Low,Low
1511,High,High,High,High,High,High
1297,Average,Average,Average,Average,Average,Average
73,Average,Low,Low,Low,Average,Average
3428,Low,Low,Low,Low,Low,Low
3422,Average,High,High,High,Low,High
3383,High,High,High,High,High,High
5403,Low,Low,Low,Low,Low,Low
865,Low,Average,Average,High,Average,High
2986,Low,Low,Low,Low,Low,Low
5365,Low,Low,Low,Low,Average,Average
5459,Average,Average,Average,Average,Average,Average
4019,Low,Low,Low,Low,Average,Average
2034,Low,Low,Low,Low,Low,Low
2926,Low,Low,Low,Low,Low,Low
6698,Average,Low,High,Average,Average,Average
6225,Average,Average,Average,Average,Average,Average
2949,Average,Average,Average,Average,Average,Average
2338,Low,Low,Low,Low,Average,Average
4034,Low,Low,Low,Low,Low,Low
2510,Low,Low,Low,Low,Average,Average
5453,Average,Average,Average,Average,Average,Average
5967,Average,Low,Average,Low,Average,Average
2154,Average,Average,Average,Low,Average,Average
6329,Average,Average,Average,Average,Average,Average
756,Average,Average,Average,Average,Average,Average
3904,Average,Average,Average,Average,Average,High
2226,Low,Low,Low,Low,Low,Low
5937,High,Average,Average,Average,Average,Average
4745,High,Average,Average,Average,High,High
2464,Low,Low,Low,Low,Low,Low
5380,Low,Low,Low,Low,Low,Low
3989,Low,Low,Low,Low,Low,Low
5834,Low,Low,Low,Low,Low,Low
5657,High,High,High,High,High,High
2399,Low,Low,Low,Low,Low,Low
2323,Low,Low,Low,Low,Low,Low
5907,Low,Low,Low,Low,Low,Low
798,High,High,High,High,High,High
3096,Low,Low,Low,Low,Low,Low
4450,High,Average,Average,Average,Average,Average
6537,Low,Low,Low,Low,Low,Low
208,Low,Low,Low,Low,Low,Low
4398,Low,High,Low,High,High,High
5330,High,Low,Low,Low,High,High
2835,Low,Low,Low,Low,Low,Low
534,Average,Average,Low,Average,Average,Average
1832,Low,Low,Low,Low,Low,Low
611,Average,Average,Average,Average,Average,Average
6317,High,High,High,High,High,High
1509,Low,Low,Low,Low,Low,Low
1115,Average,High,High,High,High,High
1807,Low,Low,Low,Low,Low,Low
2615,High,Average,Average,Average,Average,Average
3326,Average,Average,Average,Average,Average,Average
544,Low,Low,Low,Low,Low,Low
1480,Low,Average,Average,Average,Average,Average
4741,High,High,Low,Low,High,High
842,Average,Average,Average,Average,Average,Average
2868,Average,Average,Low,Average,High,High
2617,Low,Low,Low,Low,Low,Low
2759,Low,Low,Low,Low,Low,Low
2252,High,High,High,High,High,High
1423,Low,Low,Low,Low,Low,Low
6076,Low,Low,Low,Low,Low,Low
6670,Low,Low,Low,Low,Low,Low
1512,Low,Low,Low,Low,Low,Low
2181,Low,Low,Low,Low,Low,Low
4608,Average,High,High,Low,Low,Low
5787,Low,Low,Low,Low,Low,Low
6460,Average,Low,Low,Low,Average,Average
5908,Average,Average,High,Average,Average,Average
2691,High,High,High,High,High,High
1183,Low,Low,Low,Low,Low,Low
401,Low,Low,Low,Low,Low,Low
5537,Low,Low,Low,Low,Low,Low
1477,Low,Low,Low,Low,Low,Low
6686,Average,Average,Average,Average,Average,Average
1760,Low,Low,Low,Low,Low,Low
5485,Low,Low,Low,Low,Low,Low
1042,Low,Low,Low,Low,Low,Low
6332,Low,Low,Low,Low,Low,Low
4728,High,Average,Average,Average,Average,Average
6267,Average,Average,Average,Average,Average,Average
2981,Low,Low,Low,Low,Low,Low
6613,Low,Low,Low,Low,Low,Low
4428,Low,Low,Low,Low,Low,Low
3049,Low,Low,Low,Low,Low,Low
1971,Low,Low,Low,Low,Low,Low
1416,Low,Low,Low,Low,Low,Low
2465,Average,Average,Low,Average,Average,Average
6246,Low,Low,Low,Low,Low,Low
6452,High,Low,Low,Low,Average,Average
1212,Average,Average,Average,Average,Average,Average
1022,Average,Average,Average,Average,Average,Average
3621,Low,Low,Low,Low,Low,Low
549,Low,Low,Low,Low,Low,Low
1108,Low,Low,Low,Low,Low,Low
1057,Average,Low,Average,Average,Average,Average
5579,Low,Average,Average,Average,Average,Average
4899,Low,Low,Low,Low,Low,Low
2906,Low,Low,Low,Low,Low,Low
1161,Low,High,High,High,High,High
1600,High,High,High,High,High,Low
5003,Low,Low,Low,Low,Low,Low
4093,Average,Average,Average,Average,Average,Low
5381,Low,Low,Low,Low,Low,Low
1498,Low,Low,Low,Low,Low,Low
5584,Low,Low,Low,Low,Low,Low
1718,Low,Low,Low,Low,Low,Low
1407,High,Average,Average,Average,High,High
547,Low,Low,Low,Low,Low,Low
3014,Low,Low,Low,Low,Low,Low
4984,High,High,High,High,High,High
2865,Low,Low,Low,Low,Low,Low
2523,Average,Average,Average,Average,Average,Average
1426,Low,Average,Average,Average,Average,Low
2754,Low,Low,Low,Low,Low,Low
5629,Low,Low,Low,Low,Low,Low
296,Low,Low,Low,Low,Low,Low
5954,Low,Low,Low,Low,Low,Low
4568,High,High,High,High,High,Average
4763,Average,Low,Low,Low,Average,Average
5235,Average,Average,Average,Average,Average,Average
752,Average,Average,High,Average,Average,Average
5257,Low,Low,Low,Low,Low,Low
1446,Average,Average,Average,Average,Average,Average
1859,Low,Low,Low,Low,Low,Low
4832,High,Average,Average,Average,High,High
1748,Average,Average,Low,Average,Average,Average
3011,Low,Low,Low,Low,Low,Low
4288,Low,Low,Low,Low,Low,Low
4410,High,High,High,High,High,High
4746,Low,Low,Low,Low,Low,Low
346,Low,Low,Low,Low,Low,Low
5133,Low,Low,Low,Low,Low,Low
5441,Low,Low,Low,Low,Low,Low
1926,Low,Low,Low,Low,Low,Low
2484,Low,Low,Low,Low,Low,Low
1657,Low,Low,Low,Low,Low,Low
5665,Average,Average,Average,Average,Average,Low
5457,Low,Low,Low,Low,Average,Average
465,Average,Average,High,Average,Average,Average
6244,Average,Low,Low,Low,Average,Average
1730,Low,Low,Low,Low,Low,Low
2347,Low,Low,Low,Low,Low,Low
4239,Average,Average,High,Average,Average,Average
157,Low,Low,Low,Low,Low,Low
351,Low,Low,Low,Low,Low,Low
2095,Average,Average,Average,Average,Average,Low
6689,High,High,High,High,High,High
2576,High,High,High,High,High,High
5171,Low,Low,Low,Low,Low,Low
561,Average,Average,Average,Average,Average,Average
4515,Low,Low,Low,Low,Low,Low
4904,Low,Low,Low,Low,Low,Low
5957,Low,Low,Low,Low,Low,Low
1912,Low,Average,Average,Low,Average,Average
1005,High,High,High,High,High,High
2807,Average,Low,Low,Low,High,Average
2303,Low,Low,Low,Low,Low,Low
5470,Average,Average,Average,Low,Average,Average
5550,Low,Low,Low,Low,Low,Low
5129,Low,Low,Low,Low,Low,Low
3615,Average,Average,High,High,Average,Average
676,Average,Average,Average,Average,Average,Average
167,Low,High,Low,Low,Average,Average
5555,Average,Average,Average,Average,Average,Average
5523,Low,Low,Low,Low,Low,Low
3846,Average,Low,Average,Low,Average,Average
5220,Low,Low,Low,Low,Low,Low
1611,High,Average,Average,Average,Average,Average
5522,Average,Average,Average,Average,Average,Average
6466,Low,Low,Low,Low,Low,Low
3010,High,Average,Average,Average,High,Average
4195,Low,Low,Low,Low,Low,Low
2851,High,High,High,High,High,High
3406,Average,High,High,High,High,High
3018,Average,Low,Low,Low,Average,Average
2328,High,High,High,High,High,High
1941,High,Average,High,Average,Average,High
6217,Average,Average,Low,Average,Average,Average
6710,Low,Low,Low,Low,Low,Low
5857,Low,Low,Low,Low,Low,Low
4539,Average,Low,Low,Low,Average,Average
373,Low,Low,Low,Low,Low,Low
4773,Low,Low,Low,Low,Low,Low
3984,Low,High,High,High,High,High
308,Average,Average,Average,Average,Average,Average
1049,Low,Low,Low,Low,Low,Low
1075,Low,Low,Low,Low,Low,Low
5573,Low,Low,Low,Low,Low,Low
6443,Low,High,High,High,Average,Average
4172,Low,Low,Low,Low,Low,Low
5641,Average,Average,Average,Average,Average,Average
6340,Low,Low,Low,Low,Low,Low
2471,Average,Average,High,Average,Average,Average
2063,Low,Low,Low,Low,Low,Low
2970,High,High,High,High,High,High
2992,Low,Low,Low,Low,High,High
5880,Low,Low,Low,Low,Low,Low
5698,Average,Average,Low,Average,Average,Average
3626,High,High,High,High,High,High
3785,Low,Low,Low,Low,Low,Low
696,High,High,High,High,High,High
1569,Low,Low,Low,Low,Low,Low
1860,High,Average,Average,Average,Average,Average
3717,High,High,High,High,Average,Average
2351,Low,Low,Low,Low,Low,Low
322,High,Average,Average,Average,Average,Average
248,High,High,High,High,High,High
2077,Low,Low,Low,Low,Low,Low
1732,Low,Low,Low,Low,Low,Low
2886,High,High,High,High,Average,Average
6149,Average,Low,Low,Low,Average,Average
3891,Average,Average,High,Average,High,Average
1747,Low,Low,Low,Low,Low,Low
6077,High,High,High,High,High,High
1485,Low,Average,Average,Average,Average,Average
4475,Low,Low,Low,Low,Low,Low
91,Low,Low,Low,Low,Low,Low
1181,High,High,High,High,High,High
318,Low,Low,Low,Low,Low,Low
4228,Low,Low,Low,Low,Low,Low
5562,Low,Low,Low,Low,Low,Low
3543,Average,Average,Average,Average,Average,Low
2344,Average,Average,Low,Average,Average,Average
6570,Low,Low,Low,Low,Low,Low
3481,Low,Low,Low,Low,Low,Low
2880,High,Average,Low,Average,Average,Average
6166,Low,Low,Low,Low,Low,Low
712,High,Average,High,Average,Average,Low
5627,High,High,Average,High,Average,Average
2642,Average,Average,Average,Average,Average,Average
1756,Low,Average,Average,Average,Average,Average
5296,High,High,High,High,High,High
2318,Average,Average,Average,Low,Low,Low
3796,Average,Average,Average,Average,Average,Average
1097,Low,Low,Low,Low,Low,Low
4950,Low,Low,Low,Low,Low,Low
5911,Low,Low,Low,Low,Low,Low
994,Low,Low,Low,Low,Low,Low
3820,High,High,High,High,High,High
5606,Low,Low,Low,Low,Low,Low
265,Low,Low,Low,Low,Low,Low
6090,Low,Low,Low,Low,Low,Low
3043,Low,Low,Low,Low,Low,Low
3922,Average,Average,Average,Average,Average,Average
4310,Average,High,High,High,Average,Average
2486,Average,Average,High,High,Average,Average
6072,Low,Low,Low,Low,Low,Low
4080,Low,Low,Low,Low,Low,Low
14,Average,Average,Average,Average,Average,Average
5724,Average,Average,Average,Low,Average,Average
6327,Low,Low,Low,Low,Low,Low
5501,Low,Low,Low,Low,Low,Low
8,Low,Low,Low,Low,Low,Low
6515,Low,Average,Average,Average,Average,Average
3661,Average,Average,Low,Average,Average,Average
332,Average,High,High,High,High,High
5807,Average,Average,Average,Average,Average,Average
1393,Average,Average,Average,Average,Average,Average
3347,Low,Low,Low,Low,Low,Low
4015,High,High,High,High,High,High
2288,Low,Low,Low,Low,Low,Low
5484,Low,High,High,High,High,High
5865,Low,Low,Low,Low,Low,Low
3316,Average,Average,Low,Average,Average,Average
4030,Low,Low,Low,Low,Low,Low
4505,Low,Low,Low,Low,Low,Low
3659,High,High,High,High,High,High
3934,Low,Low,Low,Low,Low,Low
2345,Average,Average,Average,High,Average,Average
1090,Low,Low,Low,Low,Low,Low
622,Low,Low,Low,Low,Low,Low
6589,Low,Low,Low,Low,Low,Low
2802,Average,Average,Average,Average,Average,Average
6648,Low,Average,Average,Average,Average,Average
5198,Average,Average,Average,Average,Average,Average
6577,Low,Low,Low,Low,Low,Low
2984,Low,Low,Low,Low,Low,Low
3662,Low,Low,Low,Low,Low,Low
5178,Low,Average,Average,Average,Average,Average
3757,High,High,High,High,High,High
2699,Average,Average,Average,Average,Average,Average
1192,Low,Low,Low,Low,Low,Low
3185,Low,Average,Average,Average,Average,Average
3268,Average,Average,Average,Average,Average,Average
5105,Average,Average,Low,Average,Average,Average
196,Low,Low,Low,Low,Low,Low
1335,Low,Low,Low,Low,Low,Low
6478,Low,Low,Low,Low,Low,Low
2283,Average,Average,Average,Average,Average,Average
4928,Low,Low,Low,Low,Low,Low
3671,Low,Low,Low,Low,Low,Low
432,Low,Low,Average,Low,Average,Average
2177,Low,Low,Low,Low,Low,Low
2473,Low,Average,Average,Average,Average,Average
3664,Average,Average,Average,Average,Average,Average
4348,Low,Average,Average,Average,Average,Average
3880,Average,Average,Average,Average,Average,Average
5639,High,Average,Average,Average,Average,Average
3135,Average,Average,Average,Average,Average,Average
6150,Low,High,High,High,Average,Average
84,Average,Average,High,Average,Average,Average
1103,Low,High,High,Low,High,High
5782,High,Average,Average,Average,Average,Average
2439,Low,Low,Low,Low,Low,Low
425,Low,Low,Low,Low,Low,Low
5969,Low,Low,Low,Low,Low,Low
3299,Low,Low,Low,Low,Low,Low
733,Low,Low,Low,Low,Low,Low
2287,Low,Low,Low,Low,Low,Low
4118,Low,Low,Low,Low,Low,Low
604,Low,Low,Low,Low,Low,Low
5853,High,Average,Average,Average,Average,Average
5754,Low,High,High,High,High,High
1158,Low,Low,Low,Low,Low,Low
4534,Average,Low,Low,Average,Average,Average
5394,High,High,Low,High,High,High
4693,Average,Average,Average,Average,Average,Average
982,High,Average,Average,Average,Average,Average
185,Low,Low,Low,Low,Low,Low
4656,Average,Average,High,Average,Average,Average
1176,Average,Average,Average,Average,Low,Low
833,Low,Low,Low,Low,Low,Low
3181,Low,Average,Average,Low,Low,High
2742,High,High,High,High,Average,Average
3887,Low,Low,Low,Low,Low,Low
4739,Low,Average,Average,Average,Average,Average
5269,Low,Low,Low,Low,Low,Low
486,Low,Low,Low,Low,Low,Low
3346,Low,Low,Low,Low,Low,Low
5703,Average,Average,Average,Average,Average,Average
4925,Low,Average,Low,Average,Average,Average
5985,High,High,High,High,High,Low
3948,High,High,High,High,High,High
4538,Low,Low,Low,Low,Low,Low
6048,Low,Low,Low,Low,Low,Low
4284,Average,Average,Average,Average,Average,Average
1144,Low,Low,Low,Low,Low,Low
3210,Low,Low,Low,Low,Low,Low
1858,Average,Low,Low,Low,Average,Average
1420,Average,Average,High,Average,Average,Average
228,Low,Average,Average,Average,Average,Average
3131,Average,High,High,High,Average,Average
1773,Low,High,Average,High,High,High
2799,Low,Low,Low,Low,Low,Low
6271,Average,High,High,High,High,High
1894,High,High,High,Low,High,Average
1575,Low,Low,Low,Low,Low,Low
4012,Low,Low,Low,Low,Low,Low
4502,High,Average,Average,Average,Average,Low
4961,Average,Average,Average,Average,Average,Average
5074,Average,Average,Average,Average,Average,Average
1174,Low,Low,Low,Low,Low,Low
1411,Low,Low,Low,Low,Low,Low
1618,Low,Low,Low,Low,Low,Low
1362,Low,Low,Low,Low,Low,Average
5385,Low,Low,Low,Low,Low,Low
4224,Average,Average,Low,Average,Average,Average
4861,Low,Low,Low,Low,Low,Low
3151,High,High,High,High,High,High
1323,High,Low,Low,Low,Low,Low
2112,Low,Low,Low,Low,Low,Low
254,Low,Low,Low,Low,Low,Low
6542,High,High,High,Average,Average,Average
5649,Low,Low,Low,Low,Low,Low
1839,Average,Average,High,Average,Average,Average
221,High,Average,High,Average,Average,High
3437,Low,Average,Average,Average,Average,Low
1782,Low,Low,Low,Low,Low,Low
65,Low,Average,Average,Average,Average,Average
3441,Average,Low,High,Low,High,Low
6319,Low,Low,Low,Low,Low,Low
1535,Low,Low,Low,Low,Low,Low
2210,Low,Low,Low,Low,Low,Low
6430,Low,Low,Low,Low,Low,Low
4747,Low,Low,Low,Low,Low,Low
3955,High,High,High,High,High,High
1242,Low,Low,Low,Low,Low,Low
4956,Average,Average,Average,Average,Average,Average
3296,Low,Low,Low,Low,Low,Low
1617,Average,High,High,High,Average,Average
5186,Average,Average,Low,Average,Average,Average
1881,Low,Low,Low,Low,Low,Low
3964,Low,Low,Low,Low,Low,Low
5164,Low,Low,Low,Low,Low,Low
1039,Low,Average,Average,Average,Average,Low
2166,High,Low,Average,Low,Average,Low
6043,Low,Low,Low,Low,Low,Low
5386,Low,Average,Average,Low,Average,Average
4626,Low,Low,Low,Low,Low,Low
4760,Low,Low,Low,Low,Low,Low
4562,Low,Low,Low,Low,Low,Low
376,Average,Average,Average,Average,Average,Average
543,Low,Low,Low,Low,Low,Low
2302,Low,Low,Low,Low,Low,Low
2197,Average,Average,Average,Average,Average,Average
755,Low,Low,Low,Low,Low,Low
291,Low,Low,Low,Low,Low,Low
764,Low,Low,Low,Low,Low,Low
1221,Average,Average,Average,Average,Average,Average
1321,Average,Average,Average,Low,Average,Average
188,Low,Low,Low,Low,Low,Low
5076,High,High,High,High,High,High
177,Low,Low,Low,Low,Low,Low
6052,Low,Low,Low,Low,Low,Low
2509,Low,Low,Low,Low,Low,Low
3187,Low,Low,Low,Low,Low,Low
6325,Average,Low,Low,Low,Average,Average
1009,High,Average,Average,Average,High,Average
501,Low,Low,Low,Low,Low,Low
4813,Low,Low,Low,Low,Average,Average
3038,Average,Average,Average,Average,Average,Average
2882,Low,Low,Low,Low,Low,Low
3091,Low,Low,Low,Low,Low,Low
747,Low,Low,Low,Low,Low,Low
6214,Low,Low,Low,Low,Low,Low
1163,Low,Low,Low,Low,Low,Low
3852,Average,Average,Average,Average,Average,Average
3358,Low,Low,Low,Low,Low,Low
1721,High,Average,Average,Average,Average,Average
1261,Average,Low,Low,Low,Average,Average
4409,Low,Average,Average,Average,High,Average
5231,Low,Low,Low,Low,Low,Low
6605,Low,Low,Low,Low,Low,Low
1902,Low,Low,Low,Low,Low,Low
5259,Low,Low,Low,Low,Low,Low
168,Average,High,High,High,High,High
3209,Low,Low,Low,Low,Average,Average
1595,Average,Average,Average,Average,Average,Average
4818,Average,Average,Average,Average,High,Average
4331,High,Low,Low,Low,Average,Average
2570,Average,Average,Average,Average,Average,Average
2119,Average,Low,Low,Low,Average,Average
319,Average,Low,Average,Average,Average,Low
2312,High,High,High,High,High,High
2057,Low,Low,Low,Low,Low,Low
4442,Low,Low,Low,Low,Low,Low
245,Low,Low,Low,Low,Low,Low
5306,Low,Low,Low,Low,Low,Low
4930,Average,Average,Average,Average,Average,Average
3008,Average,Average,Low,Average,Average,Average
506,Low,Average,Average,Average,Average,Average
4280,Low,Low,Low,Low,Average,Average
3399,High,Low,High,Low,High,Low
216,Low,Low,Low,Low,Low,Low
6328,Average,Average,Average,Average,Average,Average
4320,Low,Low,Low,Low,Low,Low
4461,Low,Low,Low,Low,Low,Low
2031,High,Low,Low,Low,High,High
2272,Low,Low,Low,Low,Low,Low
3145,Average,Low,Low,Low,Average,Average
5179,High,High,High,High,High,High
2184,Low,Low,Low,Low,Low,Low
1623,Average,Low,Low,Low,Low,Low
5640,Low,Low,Low,Low,Low,Low
3193,Low,Average,Average,Low,Average,Average
3150,Average,Average,Average,Average,Average,Average
333,High,Average,Average,Average,High,Average
3944,Average,Average,Average,Average,Average,Average
2410,Low,Low,Low,Low,Low,Low
6368,Low,Low,Low,Low,Low,Low
6709,Low,Low,Low,Low,Low,Low
2937,Low,Average,Average,Average,Average,Average
1175,Low,Average,Average,Average,Average,Average
6285,Low,Low,Low,Low,Low,Low
2540,High,Average,Average,Average,Average,Average
1741,Average,Average,Average,Average,Average,Average
746,Low,Average,Average,Average,Average,Average
4414,Low,Low,Low,Low,Low,Low
1703,High,High,High,High,High,High
2705,Low,Low,Low,Low,Low,Low
4032,Low,Low,Low,Low,Low,Low
6453,Low,Low,Low,Low,Low,Low
437,Low,Low,Low,Low,Low,Low
347,Low,High,High,High,Average,Average
932,Average,High,High,High,Average,Average
6221,Average,Average,Average,Average,Average,Average
3630,Low,Low,Low,Low,Low,Low
4103,Low,Low,Low,Low,Low,Low
2239,Average,High,High,High,Average,Average
6549,Low,Average,Average,Average,Average,Average
4126,Low,Low,Low,Low,Average,Average
259,High,High,High,High,High,High
5371,Low,Low,Low,Low,Low,Low
1536,Low,Low,Low,Low,Low,Low
3941,Low,Low,High,Low,Average,High
2954,Low,Low,Low,Low,Low,Low
4372,Average,Low,Low,Low,Low,Low
2741,Low,Low,Low,Low,Low,Low
1425,Low,Low,Low,Low,Low,Low
1514,Average,Average,Average,Average,Average,Average
1219,Low,Low,Low,Low,Low,Low
599,Low,Low,Low,Low,Low,Low
5153,Low,Low,Low,Low,Low,Low
45,Low,Low,Low,Low,Low,Low
2805,Average,Low,Average,Low,Average,Average
5758,High,High,High,High,High,High
3455,Low,Low,Low,Low,Low,Low
4272,Average,Average,Average,Average,Average,Average
6654,Low,Low,Low,Low,Low,Low
4856,Low,Low,Low,Low,Low,Low
2995,Average,Average,Average,Average,Average,Average
4421,Average,Average,Average,Average,Average,Average
323,Average,Average,Average,Average,Average,Average
4386,Low,Low,Low,Low,Low,Low
3286,Low,Low,Low,Low,Low,Low
6169,High,High,High,High,High,High
6426,Low,Low,Low,Low,Low,Low
1223,Low,Low,Low,Low,Low,Low
4696,Low,Low,Low,Low,Low,Low
2833,Low,Low,Low,Low,Low,Low
6561,Low,Average,Average,Average,Average,Average
4603,Low,Low,Low,Low,Low,Low
231,High,High,High,High,High,High
3560,Average,Average,Average,High,Average,Average
576,Low,Low,Low,Low,Low,Low
5290,Low,Low,Low,Low,Low,Low
2405,Low,Low,Low,Low,Low,Low
5678,Average,Average,High,Average,Average,Average
5066,Low,Low,Low,Low,Low,Low
2559,Average,Average,Average,Average,Average,Average
447,Low,Low,Low,Low,Average,Low
6573,Average,Low,Low,Average,Average,Average
426,Low,Low,Low,Low,Low,Low
1046,Low,Average,Average,Average,Average,Average
805,Low,High,High,High,High,High
3017,Low,Low,Low,Low,Low,Low
410,Low,Low,Low,Low,Low,Low
41,Average,High,High,High,Average,Average
6380,Average,Average,High,Average,Average,Average
5487,Low,Low,Low,Low,Low,Low
5552,Average,Low,Average,Average,Average,Average
2020,Average,Low,Low,Low,Low,Low
3101,Low,Low,Low,Low,Low,Low
3978,Low,Low,Low,Low,Low,Low
5055,Average,High,Average,High,High,High
6047,High,High,High,High,High,High
957,High,Average,Average,Average,Average,Average
3780,Average,Average,Average,Average,Average,Average
19,Low,Low,Low,Low,Low,Low
5102,Low,Low,Low,Low,Low,Low
1281,Low,Low,Low,Low,Low,Low
2110,Low,Low,Low,Low,Average,Average
4836,Average,Low,Average,Low,Average,Average
6580,Average,Average,Average,Average,Average,Average
1414,Low,Low,Low,Low,Low,Low
626,Average,Low,Low,Average,Average,Average
4970,High,High,Low,High,High,High
3528,Low,Low,Low,Low,Low,Low
5752,High,High,High,High,High,High
199,Low,Low,Low,Low,Low,Low
210,Low,Average,Average,Average,Average,Average
1038,High,High,High,High,High,High
6262,Low,Low,Low,Low,Average,Average
6679,Low,Low,Low,Low,Low,Low
5662,Low,Low,Low,Low,Low,Low
6145,Average,High,High,High,Average,Average
51,High,High,High,High,High,High
2531,Average,Average,Low,Average,Average,Average
2765,Low,Low,Low,Low,Low,Low
1153,Average,Average,Average,Average,Average,Average
4677,Average,Average,Average,Average,Average,Average
3279,Low,Low,Low,Low,Low,Low
5212,Low,Low,Low,Low,Low,Low
4148,Average,High,High,High,Average,Average
3065,Average,Average,Average,Average,Average,Average
101,High,Average,Average,Average,Average,Average
4556,Low,Average,Average,Average,Average,Average
5700,Low,Low,Low,Low,High,High
4060,Average,Average,Average,Average,Average,Average
2646,Low,Low,Low,Low,Low,Low
2463,Average,Low,Low,High,Low,Low
1737,Low,High,High,High,Average,Average
620,Low,Low,Average,Low,Average,Average
1961,Average,Low,Average,Low,Average,Average
2127,Average,Low,High,Low,Low,Average
5944,Low,Low,Low,Low,Low,Low
5314,Low,Low,Low,Low,Average,Average
2623,Low,Low,Low,Low,Low,Low
1421,Low,Low,Low,Low,Low,Low
3109,Low,Average,High,High,Average,Average
5209,Average,Average,Average,Average,Average,Average
672,Low,Low,Low,Low,Low,Low
2707,Average,Average,Average,Average,Average,Average
2684,Low,Low,Low,Low,Low,Low
4995,Low,Low,Low,Low,Low,Low
4803,Low,Low,Low,Low,Low,Low
1803,Low,Low,Low,Low,Low,Low
3684,Low,Low,Low,Low,Low,Low
1215,Average,Average,High,Average,Average,Average
705,Low,Low,Low,Low,Low,Low
5067,Low,Average,Average,Average,Average,Average
2966,Low,Low,Low,Low,Low,Low
1454,Low,Low,Low,Low,Low,Low
3328,Low,Average,Average,Average,Average,Average
4850,Low,Low,Low,Low,Low,Low
6416,Average,Average,High,Average,Average,Average
5705,Low,Low,Low,Low,Low,Low
4283,Low,Low,Low,Low,Low,Low
2948,Average,Average,Average,Average,Average,Average
2977,Low,Low,Low,Low,Low,Low
6608,High,Low,High,Average,High,High
527,Low,Low,Low,Low,Low,Low
3570,Low,Low,Low,Low,Low,Low
2855,Average,Low,Low,Low,Average,Average
6546,High,High,High,High,High,High
970,Low,Average,Average,Average,Average,Average
3973,Low,Low,Low,Low,Low,Low
565,Low,Low,Low,Low,Low,Low
4305,Low,Low,Low,Low,Low,Low
5218,Average,Average,Average,Average,Average,Average
586,Low,Low,Low,Low,Average,Average
5251,Average,Average,Average,Average,Average,Average
5194,Low,Low,Low,Low,Low,Low
2845,High,High,High,High,High,High
5309,Low,Low,Low,Low,Low,Low
640,Low,Low,Low,Low,Low,Low
1978,Low,High,High,High,High,High
1559,Low,Average,Low,Low,Average,Average
730,Low,Low,Low,Low,Low,Average
5333,Low,Low,Low,Low,Low,Low
5185,Low,Low,Low,Low,Low,Low
325,Low,Low,Low,Low,Low,Low
290,Low,Low,Low,Low,Low,Low
3341,Low,Low,Low,Low,Low,Low
5070,Average,Average,Low,Low,Average,Average
2656,High,High,High,High,High,High
6103,High,High,High,High,High,High
2398,Low,Low,Low,Low,Low,Low
3244,Low,Low,Low,Low,Low,Low
1406,Low,Low,Low,Low,Low,Low
864,Average,Low,Low,Low,Average,Average
4610,Low,Low,Low,Low,Low,Low
5682,High,High,High,High,High,High
4581,Low,Low,Low,Low,Low,Low
4371,Low,Low,Low,Low,Low,Low
2698,High,High,High,High,High,High
3759,Average,Average,Average,Average,Average,Average
371,Low,Low,Low,Low,Low,Low
5706,Low,Low,Low,Low,Low,Low
2440,Low,Low,Low,Low,Low,Low
1400,High,Low,Low,Low,High,High
3933,Low,Average,Low,Average,Average,Average
5974,Low,Low,Low,Low,Low,Low
4877,Low,Average,Average,Average,Average,Low
4609,Average,Average,Average,Low,Average,Average
4076,Average,Average,High,Average,Average,Average
6079,Low,Low,Low,Low,Low,Low
1410,Average,Average,Average,Low,Average,Average
5206,Low,Low,Low,Low,Low,Low
1188,Low,Low,Low,Low,Low,Low
1720,Low,Low,Low,Low,Low,Low
122,Average,Low,High,Low,Average,Average
479,Average,Average,Average,Average,Average,Average
5464,Average,Average,Average,Average,Average,Average
1672,Average,Average,Average,Average,Average,Average
2917,Low,Low,Low,Low,Low,Low
3692,Low,Low,Low,Low,Low,Low
4354,Low,High,Low,High,High,High
940,Low,High,High,High,High,High
4909,Average,Low,Low,Low,Low,Average
439,Low,Low,Low,Low,Low,Low
6669,Average,Low,Low,High,High,High
4209,Low,High,High,High,High,High
5598,Low,Low,Low,Low,Low,Low
2629,Average,Average,Average,Average,Average,Average
6334,Average,Average,Average,Average,Average,Average
3470,Low,Low,Low,Low,Low,Low
2304,High,High,Average,High,High,High
1467,Low,Low,Low,Low,Low,Low
4520,High,High,High,Average,High,High
5413,Low,Low,Low,Low,Low,Low
4639,Low,High,High,High,High,High
279,Low,Low,Low,Low,Low,Low
2881,Low,Low,Low,Low,Low,Low
1872,Low,Low,Low,Low,Low,Low
3870,Average,Average,Average,Average,Average,Average
6597,High,Low,Low,Low,High,High
3608,Low,Low,Low,Low,Low,Low
4694,High,Low,Low,Low,High,High
1582,Low,Low,Low,Low,Low,Low
5843,Average,Average,Average,High,High,High
577,High,Average,Average,Average,Average,Average
59,Average,Average,Average,Average,Average,Average
2770,Average,High,High,High,Average,Average
787,Low,Low,Low,Low,Low,Low
4510,Average,Average,Average,Average,Average,Average
6182,Low,Low,Low,Low,Low,Low
3513,Low,Low,Low,Low,Low,Low
3807,Low,Low,Low,Low,Average,Average
4031,High,Average,Low,Low,Average,High
6104,Low,Low,Low,Low,Low,Low
3861,Low,Low,Low,Low,Low,Low
6159,Low,Low,Low,Low,Low,Low
5827,Average,Low,Average,Low,Average,Average
5894,High,High,Average,Average,High,High
4184,Low,Average,Average,Average,Average,Average
1768,Low,Low,Low,Low,Low,Low
420,Low,High,High,High,High,High
4679,Low,Low,Low,Low,Low,Low
553,High,High,Average,Average,Average,Average
5858,Low,Average,Low,Average,Average,Average
4438,Low,Low,Low,Low,Low,Low
1372,High,Average,Average,Average,Average,Average
1801,Low,Low,Low,Low,Low,Low
1820,Average,Average,Average,Average,Average,Average
4053,Average,High,High,High,High,High
3307,Low,Low,Low,Low,Low,Low
5096,Low,Low,Low,Low,Low,Low
5597,Low,Low,Low,Low,Low,Low
2801,Low,Low,Low,Low,Low,Low
181,Low,Low,High,Low,Low,Average
3197,Low,Low,Low,Low,Low,Low
794,Low,Low,Low,Low,Low,Low
4094,High,Average,Average,Average,Average,Average
4601,Low,Average,Average,Average,Average,Average
1945,Average,Average,Average,Average,Average,Average
4279,Low,Low,Low,Low,Low,Low
6498,Low,Low,Low,Low,Low,Low
5190,Average,Average,Average,Average,Average,Average
530,Low,Low,Low,Low,Low,Low
710,Average,Low,Low,Low,Low,Low
5702,Average,High,High,High,Average,Average
5022,Low,Low,Low,Low,Low,Low
5650,Average,High,High,High,Average,Average
5017,Low,Low,Low,Low,Low,Low
2083,High,High,High,High,High,High
907,High,High,High,High,High,High
2638,Average,Average,Average,Average,Average,Average
5690,Average,Average,High,Average,Average,Average
5428,High,High,High,High,High,High
4119,Low,Low,Low,Low,Low,Low
5721,High,High,High,High,High,High
3317,High,High,Average,High,High,High
5059,Low,Low,Low,Low,Low,Low
4584,Low,Low,Low,Low,Low,Low
926,Low,Low,Low,Low,Low,Low
5260,Low,Low,Low,Low,Low,Low
4650,Low,Low,Low,Low,Low,Low
15,High,Low,Low,Low,Low,Low
6069,Average,Average,Average,Average,Average,Average
315,Average,Average,Low,Average,Average,Average
2206,Low,Low,Low,Low,Low,Low
4769,High,Low,Low,Average,Average,Average
6666,Low,Low,Low,Low,Low,Low
3467,Average,Average,Average,Average,Average,Average
4708,High,High,High,High,High,High
5327,Low,Low,Low,Low,Low,Low
4774,Low,Low,Low,Low,Low,Low
2308,Low,Low,Low,Low,Low,Low
5902,Average,Average,Average,High,Average,Average
5904,High,High,High,High,High,High
3217,Average,Low,Low,Low,Average,Average
6189,Average,High,Average,High,Average,Average
2498,High,Average,Low,Average,Average,Average
4985,Low,Low,Low,Low,Low,Low
5040,Average,Low,Average,Average,Average,Average
4967,Low,Low,Low,Low,Low,Low
5982,Low,Low,Low,Low,Low,Low
3601,Low,Low,Low,Low,Low,Low
1562,Low,Low,Low,Low,Low,Low
6290,Low,Low,Low,Low,Low,Low
3881,Low,Low,Low,Low,Low,Low
1032,Low,Low,Low,Low,Low,Low
4306,Low,Low,Low,Low,Low,Low
5139,Low,Low,Low,Low,Low,Low
4092,Average,High,Average,High,Average,Average
6318,Low,Low,Low,Low,Low,Low
2589,Low,Low,Low,Low,Low,Low
1010,Low,Low,Low,Low,Low,Low
1608,Average,Average,Average,Average,Average,Average
4129,Low,Low,Low,Low,Low,Low
691,Average,Average,Average,Average,Average,Average
533,Low,Low,Low,Low,Low,Low
5388,Low,Low,Low,Low,Low,Low
1940,Low,Low,Low,Low,Low,Low
652,Low,Low,Low,Low,Low,Low
33,Low,Low,Low,Low,Low,Low
2548,Low,Low,Low,Low,Low,Low
44,Average,Average,Average,Average,Average,Average
3938,Low,Average,Average,Average,Average,Average
6013,Average,Low,High,Low,Average,Average
964,Low,Low,Low,Low,Low,Low
1507,Low,Low,Low,Low,Low,Low
1345,Average,Average,Average,Average,Average,Average
3063,Low,Low,Low,Low,Low,Low
4002,Average,Average,Average,Average,Average,Average
1379,Low,Low,Low,Low,Low,Low
1840,Average,Average,Average,Average,Average,Average
6238,High,High,High,High,High,High
6518,Low,Average,High,Average,Average,Average
5001,Low,Low,Low,Low,Low,Low
2094,High,Low,Low,Low,High,High
26,Low,Average,Average,Average,Average,Average
3265,Average,Average,Average,Average,Average,Average
63,Low,Low,Low,Low,Low,Low
1044,Low,Low,Low,Low,Low,Low
4503,Average,High,Average,High,Average,Average
2862,Average,Average,Average,Average,Average,Average
227,Low,Low,Low,Low,Low,Low
6041,Low,Low,Low,Low,Low,Low
6105,Low,Average,Average,Average,Average,Low
2885,High,High,High,High,High,High
4051,Low,Low,Low,Low,Low,Low
5201,Average,Average,Average,Average,Average,Average
969,High,High,High,Average,High,High
4384,High,High,High,High,High,High
3130,High,High,High,High,High,High
2929,Average,Average,Low,Average,Average,Average
1671,Low,Low,Low,Low,Low,Low
1566,Low,Low,Low,Low,Low,Low
6381,Average,Average,Average,Average,Average,Average
6101,Average,Average,Average,Average,Average,Average
2232,Average,Average,Average,Average,Average,Average
3026,Low,Low,Low,Low,Low,Low
6477,Low,Low,Low,Low,Low,Low
4618,High,Average,Average,Average,Average,Average
3641,Low,Low,Low,Low,Low,Low
6094,Average,Average,Low,Average,Average,Average
252,Average,Average,Average,Average,Average,Average
5738,Low,Low,Low,Low,Low,Low
4894,Low,Average,Average,Low,Low,Low
4872,Low,Low,Low,Low,Low,Low
4620,Low,Low,Low,Low,Average,Average
2991,Low,Low,Low,Low,Low,Low
4168,High,Average,Average,High,Average,Average
1397,Low,Low,Low,Low,Low,Low
6468,Low,Low,Low,Low,Low,Low
6603,High,High,High,Low,High,High
4943,Low,Low,Low,Low,Low,Low
5272,Low,Low,Low,Low,Low,Low
3844,Low,Average,Average,High,Average,Average
641,Average,High,High,High,Average,Average
3379,Average,Average,Average,Average,Average,Average
4816,Average,Low,Average,Average,Average,Average
297,Low,Low,Low,Low,Low,Low
303,High,Average,Average,Average,Average,Average
6187,Average,Average,Average,Average,Average,Average
4631,Low,Low,Low,Low,Low,Low
3007,Low,High,High,High,High,High
1882,Low,Low,Low,Low,Low,Low
2588,High,High,Average,High,High,High
655,High,High,High,High,High,High
1371,Low,High,Average,Average,High,High
5230,Average,Average,Average,Average,Average,Average
3771,Low,Low,Low,Low,Low,Low
240,Low,Low,Low,Low,Low,Low
783,Low,Average,Average,Average,Average,Average
1018,Average,Average,Average,Average,Average,Average
2157,Low,Low,Low,Low,Low,Low
977,High,High,High,High,High,High
4028,Low,Low,Low,Low,Low,Low
5936,High,Low,Low,Low,Low,Low
5815,High,High,High,High,High,High
257,Average,Average,High,High,Low,Average
893,Low,Average,Average,Average,Average,Average
4198,Low,Low,Low,Low,Low,Low
4373,Low,Average,Average,Average,Average,Low
2202,Average,Average,High,Average,Average,Average
3269,Low,Low,Low,Low,Low,Low
5343,Average,Average,Average,Average,Average,Average
6389,Low,Low,Low,Low,Low,Low
6307,Low,Low,Low,Low,Low,Low
2732,Low,Low,Low,Low,Low,Low
5773,Low,Low,Low,Low,Low,Low
1740,Low,Low,Low,Low,Low,Low
4174,Low,Low,Low,Low,Low,Low
1465,Low,Low,Low,Low,Average,Average
4251,High,Average,Average,Average,Average,Average
3483,Low,Low,Low,Low,Low,Low
1599,Average,Average,High,Average,Average,Average
3786,High,High,High,High,High,High
4586,High,Average,High,Average,Average,Average
3866,Low,Low,Low,Low,Low,Low
1483,High,Average,Average,Average,Average,Average
6273,Low,Average,Average,Average,Average,Average
6003,High,High,High,High,High,High
4352,Low,Low,Low,Low,Average,Average
1966,Low,Low,Low,Low,Low,Low
3505,Low,High,High,High,Low,High
3838,Low,Low,Low,Low,Low,Low
1092,Low,Low,Low,Low,Low,Low
4685,Low,Low,Low,Low,Low,Low
124,Average,Low,Average,Low,Low,Average
4233,High,Low,Low,Low,High,High
6297,Low,Low,Low,Low,Low,Low
4075,Average,Average,Average,Average,Average,Average
2827,High,Average,Average,Average,Average,Average
2229,Low,Average,Average,Average,Average,Average
3334,High,High,High,High,High,High
5617,Low,Low,Low,Low,Low,Low
6257,Low,Low,Low,Low,Low,Low
598,Average,Average,Average,Low,Average,Low
75,Low,Low,Low,Low,Low,Low
1385,Low,Low,Low,Low,Low,Low
3625,Low,Low,Low,Low,Low,Low
5043,Low,Low,Low,Low,Low,Low
3639,Low,Average,Average,Average,Average,Average
3653,Low,Low,Low,Low,Low,Low
149,High,High,High,High,High,High
2715,Average,High,High,High,Average,Average
453,Low,Low,Low,Low,Low,Low
1501,Average,High,High,High,Average,Average
1650,Low,Low,Low,Low,Low,Low
6433,Low,Low,Low,Low,Low,Low
808,Low,Average,Low,Average,Average,Average
6660,Low,Low,Low,Low,Low,Low
6109,Average,High,Average,Average,High,High
1119,Low,Average,Average,Average,Average,Average
810,Low,Low,Low,Low,Low,Low
1129,Low,Low,Low,Low,Low,Low
834,Average,Average,Average,Average,Average,Average
2840,Low,Low,Low,Low,Low,Low
5162,Low,Low,Low,Low,Low,Low
6423,High,Average,Average,High,High,High
5329,Low,Low,Low,Low,Low,Low
1235,Low,Low,Low,Low,Low,Low
1225,Average,High,High,High,Average,Average
5749,Average,Average,Average,Average,Average,Average
4001,Average,Average,Average,Average,Average,Average
4144,Average,High,High,High,Average,Average
4874,Low,Low,Low,Low,Low,Low
1419,Low,Low,Low,Low,Low,Low
4700,Low,Low,Low,Low,Low,Low
5751,Average,Low,Low,High,High,High
1027,High,Average,Average,High,Average,Average
3370,Average,Average,Average,Average,Average,Average
3442,Low,Low,Low,Low,Low,Low
349,Low,Low,Low,Low,Low,Low
3484,High,High,High,High,High,High
662,Low,Low,Low,Low,Low,Low
172,Average,Average,Average,Average,Average,Average
1871,High,Average,Average,High,Average,Average
4333,Low,Low,Low,Low,Low,Low
422,Low,Low,Low,Low,Low,Low
3355,Average,High,High,Average,Average,Average
4814,Low,Low,Low,Low,Low,Low
881,Low,Low,Low,Low,Low,Low
